GRID5KM_ID,LATITUDE,LONGITUDE,BIA_mn,BIA_bm
16749,32.39535,-119.07321,0,1
16750,32.39391,-119.02009,0,1
16751,32.39246,-118.96696,0,1
17077,32.44321,-119.17779,0,1
17078,32.44181,-119.12463,0,1
17079,32.4404,-119.07148,0,1
17080,32.43897,-119.01833,0,1
17081,32.43751,-118.96518,0,1
17405,32.49098,-119.28247,0,1
17406,32.48964,-119.22929,0,1
17407,32.48826,-119.17611,0,1
17408,32.48687,-119.12293,0,1
17409,32.48546,-119.06975,0,1
17410,32.48403,-119.01657,0,1
17411,32.48257,-118.9634,0,1
17734,32.53737,-119.33404,0,1
17735,32.53605,-119.28084,0,1
17736,32.5347,-119.22763,0,1
17737,32.53332,-119.17442,0,1
17738,32.53193,-119.12122,0,1
17739,32.53052,-119.06801,0,1
17740,32.52908,-119.01481,0,1
17741,32.52762,-118.96161,0,1
18062,32.58503,-119.43891,0,1
18063,32.58375,-119.38567,0,1
18064,32.58244,-119.33244,0,1
18065,32.58111,-119.2792,0,1
18066,32.57976,-119.22597,0,1
18067,32.57838,-119.17274,0,1
18068,32.57699,-119.11951,0,1
18069,32.57557,-119.06628,0,1
18070,32.57414,-119.01305,0,1
18071,32.57268,-118.95982,0,1
18392,32.6301,-119.43735,0,1
18393,32.62881,-119.38409,0,1
18394,32.6275,-119.33082,0,1
18395,32.62617,-119.27756,0,1
18396,32.62482,-119.2243,0,1
18397,32.62344,-119.17105,0,1
18398,32.62205,-119.11779,0,1
18399,32.62063,-119.06453,0,1
18400,32.61919,-119.01128,0,1
18429,32.56814,-117.46743,0,1
18430,32.56606,-117.41422,0,1
18431,32.56395,-117.36101,0,1
18432,32.56183,-117.3078,0,1
18722,32.67516,-119.43579,0,1
18723,32.67387,-119.3825,0,1
18724,32.67256,-119.32921,0,1
18725,32.67123,-119.27592,0,1
18726,32.66988,-119.22264,0,1
18727,32.6685,-119.16935,0,1
18728,32.66711,-119.11607,0,1
18729,32.66569,-119.06279,0,1
18758,32.61522,-117.51815,0,1
18759,32.61315,-117.4649,0,1
18760,32.61107,-117.41166,0,1
18761,32.60896,-117.35842,0,1
18762,32.60684,-117.30519,0,1
19053,32.71894,-119.38091,0,1
19054,32.71762,-119.32759,0,1
19055,32.71629,-119.27428,0,1
19056,32.71494,-119.22097,0,1
19057,32.71356,-119.16766,0,1
19058,32.71216,-119.11435,0,1
19087,32.66227,-117.56891,0,1
19088,32.66023,-117.51564,0,1
19089,32.65817,-117.46237,0,1
19090,32.65608,-117.4091,0,1
19091,32.65397,-117.35584,0,1
19092,32.65185,-117.30257,0,1
19383,32.764,-119.37931,0,1
19384,32.76269,-119.32597,0,1
19385,32.76135,-119.27263,0,1
19386,32.76,-119.21929,0,1
19387,32.75862,-119.16596,0,1
19417,32.70729,-117.56642,0,1
19418,32.70525,-117.51312,0,1
19419,32.70318,-117.45983,0,1
19420,32.70109,-117.40654,0,1
19421,32.69898,-117.35324,0,1
19422,32.69685,-117.29996,0,1
19715,32.80641,-119.27098,0,1
19716,32.80506,-119.21762,0,1
19717,32.80368,-119.16425,0,1
19747,32.75231,-117.56393,0,1
19748,32.75026,-117.5106,0,1
19749,32.74819,-117.45728,0,1
19750,32.74611,-117.40396,0,1
19751,32.74399,-117.35065,0,1
19752,32.74186,-117.29733,0,1
20078,32.79528,-117.50808,0,1
20079,32.79321,-117.45473,0,1
20080,32.79112,-117.40139,0,1
20081,32.789,-117.34804,0,1
20082,32.78687,-117.2947,0,1
20408,32.84029,-117.50555,0,1
20409,32.83822,-117.45218,0,1
20410,32.83613,-117.39881,0,1
20411,32.83401,-117.34544,0,1
20412,32.83188,-117.29207,0,1
20739,32.88323,-117.44962,0,1
20740,32.88114,-117.39622,0,1
20741,32.87902,-117.34282,0,1
20742,32.87689,-117.28943,0,1
21069,32.92825,-117.44705,0,1
21070,32.92615,-117.39363,0,1
21071,32.92403,-117.34021,0,1
21072,32.92189,-117.28678,0,1
21399,32.97326,-117.44448,0,1
21400,32.97116,-117.39103,0,1
21401,32.96904,-117.33758,0,1
21402,32.9669,-117.28414,0,1
21729,33.01827,-117.44191,0,1
21730,33.01617,-117.38843,0,1
21731,33.01405,-117.33495,0,1
21732,33.01191,-117.28148,0,1
22059,33.06329,-117.43933,0,1
22060,33.06119,-117.38582,0,1
22061,33.05906,-117.33232,0,1
22390,33.1062,-117.38321,0,1
22391,33.10407,-117.32968,0,1
23340,33.30861,-119.52092,0,1
23341,33.30735,-119.46726,0,1
23342,33.30607,-119.41359,0,1
23668,33.35614,-119.62675,0,1
23669,33.35492,-119.57306,0,1
23670,33.35368,-119.51936,0,1
23671,33.35242,-119.46567,0,1
23672,33.35114,-119.41198,0,1
23673,33.34983,-119.3583,0,1
23997,33.4024,-119.67897,0,1
23998,33.40121,-119.62525,0,1
23999,33.39999,-119.57153,0,1
24000,33.39875,-119.51781,0,1
24001,33.39749,-119.46409,0,1
24002,33.3962,-119.41037,0,1
24003,33.3949,-119.35666,0,1
24326,33.44865,-119.73124,0,1
24327,33.44748,-119.67749,0,1
24328,33.44628,-119.62374,0,1
24329,33.44506,-119.56999,0,1
24330,33.44382,-119.51625,0,1
24331,33.44255,-119.4625,0,1
24332,33.44127,-119.40876,0,1
24656,33.49372,-119.72978,0,1
24657,33.49255,-119.67601,0,1
24658,33.49135,-119.62223,0,1
24659,33.49013,-119.56846,0,1
24660,33.48888,-119.51468,0,1
24988,33.53642,-119.62072,0,1
24989,33.5352,-119.56692,0,1
25013,33.49931,-118.27603,0,1
25014,33.49755,-118.22226,0,1
25015,33.49576,-118.16849,0,1
25016,33.49394,-118.11472,0,1
25017,33.49211,-118.06095,0,1
25018,33.49025,-118.00719,0,1
25019,33.48838,-117.95342,0,1
25020,33.48648,-117.89966,0,1
25341,33.54783,-118.38143,0,1
25342,33.5461,-118.32763,0,1
25343,33.54435,-118.27383,0,1
25344,33.54258,-118.22003,0,1
25345,33.54079,-118.16624,0,1
25346,33.53898,-118.11244,0,1
25347,33.53714,-118.05865,0,1
25348,33.53529,-118.00486,0,1
25349,33.53341,-117.95106,0,1
25350,33.53151,-117.89728,0,1
25351,33.52958,-117.84349,0,1
25671,33.59287,-118.37928,0,1
25672,33.59114,-118.32546,0,1
25673,33.58939,-118.27163,0,1
25674,33.58762,-118.2178,0,1
25675,33.58583,-118.16398,0,1
25676,33.58401,-118.11016,0,1
25677,33.58218,-118.05634,0,1
25678,33.58032,-118.00252,0,1
25679,33.57844,-117.9487,0,1
25680,33.57653,-117.89488,0,1
25681,33.57461,-117.84107,0,1
26000,33.63962,-118.43099,0,1
26001,33.63791,-118.37713,0,1
26002,33.63618,-118.32328,0,1
26003,33.63443,-118.26942,0,1
26004,33.63266,-118.21557,0,1
26005,33.63086,-118.16172,0,1
26006,33.62905,-118.10787,0,1
26007,33.62721,-118.05402,0,1
26008,33.62535,-118.00018,0,1
26009,33.62347,-117.94633,0,1
26328,33.68801,-118.53664,0,1
26329,33.68635,-118.48275,0,1
26330,33.68466,-118.42886,0,1
26331,33.68295,-118.37498,0,1
26332,33.68122,-118.3211,0,1
26333,33.67947,-118.26721,0,1
26334,33.6777,-118.21333,0,1
26335,33.6759,-118.15946,0,1
26336,33.67408,-118.10558,0,1
26337,33.67224,-118.0517,0,1
26657,33.7347,-118.58847,0,1
26658,33.73306,-118.53456,0,1
26659,33.73139,-118.48064,0,1
26660,33.7297,-118.42673,0,1
26661,33.72799,-118.37282,0,1
26662,33.72626,-118.31891,0,1
26663,33.72451,-118.265,0,1
26664,33.72273,-118.21109,0,1
26985,33.78298,-118.69431,0,1
26986,33.78137,-118.64037,0,1
26987,33.77975,-118.58642,0,1
26988,33.7781,-118.53248,0,1
26989,33.77644,-118.47854,0,1
26990,33.77475,-118.4246,0,1
27282,33.86859,-120.47407,1,1
27283,33.86771,-120.42007,1,1
27284,33.86681,-120.36606,1,1
27315,33.82803,-118.69231,0,1
27316,33.82642,-118.63834,0,1
27317,33.8248,-118.58436,0,1
27318,33.82315,-118.53039,0,1
27319,33.82148,-118.47642,0,1
27320,33.81979,-118.42246,0,1
27611,33.91453,-120.52702,1,1
27612,33.91367,-120.47298,1,1
27613,33.91279,-120.41895,1,1
27614,33.91189,-120.36491,1,1
27615,33.91097,-120.31088,1,1
27645,33.87308,-118.6903,0,1
27646,33.87147,-118.6363,0,1
27647,33.86985,-118.5823,0,1
27648,33.8682,-118.5283,0,1
27649,33.86653,-118.47431,0,1
27650,33.86484,-118.42031,0,1
27940,33.96045,-120.58001,1,1
27941,33.95961,-120.52595,1,1
27942,33.95876,-120.47189,1,1
27943,33.95788,-120.41782,1,1
27944,33.95698,-120.36376,1,1
27945,33.95606,-120.3097,1,1
27976,33.91652,-118.63426,0,1
27977,33.9149,-118.58024,0,1
27978,33.91325,-118.52621,0,1
28269,34.00635,-120.63307,1,1
28270,34.00554,-120.57897,1,1
28271,34.0047,-120.52488,1,1
28272,34.00384,-120.47079,1,1
28273,34.00296,-120.4167,1,1
28274,34.00206,-120.36261,1,1
28275,34.00114,-120.30852,0,1
28598,34.05223,-120.68617,1,1
28599,34.05144,-120.63205,1,1
28600,34.05062,-120.57793,1,1
28601,34.04979,-120.52381,1,1
28602,34.04893,-120.46969,1,1
28606,34.04528,-120.25322,1,1
28607,34.04431,-120.1991,1,1
28608,34.04332,-120.14499,1,1
28609,34.0423,-120.09087,1,1
28610,34.04127,-120.03676,1,1
28611,34.04021,-119.98265,1,1
28612,34.03913,-119.92854,1,1
28928,34.09732,-120.68518,1,1
28929,34.09653,-120.63103,1,1
28930,34.09571,-120.57688,1,1
28931,34.09488,-120.52274,1,1
28932,34.09402,-120.46859,0,1
28933,34.09314,-120.41444,1,1
28934,34.09223,-120.36029,1,1
28935,34.09131,-120.30615,1,1
28936,34.09036,-120.252,1,1
28937,34.08939,-120.19786,1,1
28938,34.0884,-120.14372,1,1
28939,34.08739,-120.08958,1,1
28940,34.08635,-120.03543,1,1
28941,34.08529,-119.98129,1,1
28942,34.08421,-119.92715,1,1
28943,34.08311,-119.87302,1,1
28944,34.08199,-119.81888,1,1
28945,34.08084,-119.76474,1,1
28946,34.07967,-119.71061,1,1
29258,34.14241,-120.68419,1,1
29259,34.14162,-120.63001,1,1
29260,34.1408,-120.57584,1,1
29261,34.13996,-120.52166,1,1
29262,34.1391,-120.46748,1,1
29263,34.13822,-120.41331,1,1
29264,34.13732,-120.35914,1,1
29265,34.13639,-120.30496,1,1
29266,34.13544,-120.25079,1,1
29267,34.13447,-120.19662,1,1
29268,34.13348,-120.14245,1,1
29269,34.13247,-120.08828,1,1
29270,34.13143,-120.03411,1,1
29271,34.13037,-119.97994,1,1
29272,34.12929,-119.92577,1,1
29273,34.12819,-119.8716,1,1
29274,34.12706,-119.81744,1,1
29275,34.12592,-119.76327,1,1
29276,34.12475,-119.70911,1,1
29588,34.1875,-120.6832,1,1
29589,34.1867,-120.62899,1,1
29590,34.18589,-120.57479,1,1
29591,34.18505,-120.52058,1,1
29592,34.18419,-120.46638,1,1
29593,34.18331,-120.41218,1,1
29594,34.1824,-120.35797,1,1
29595,34.18148,-120.30377,1,1
29596,34.18053,-120.24957,1,1
29597,34.17956,-120.19537,1,1
29598,34.17856,-120.14117,1,1
29599,34.17755,-120.08697,1,1
29600,34.17651,-120.03278,1,1
29601,34.17545,-119.97858,1,1
29602,34.17437,-119.92438,1,1
29603,34.17327,-119.87019,1,1
29604,34.17214,-119.816,1,1
29605,34.17099,-119.7618,1,1
29606,34.16982,-119.70761,1,1
29918,34.23259,-120.6822,1,1
29919,34.23179,-120.62797,1,1
29920,34.23098,-120.57374,1,1
29921,34.23014,-120.5195,1,1
29922,34.22928,-120.46527,1,1
29923,34.22839,-120.41104,1,1
29924,34.22749,-120.35681,1,1
29925,34.22656,-120.30258,1,1
29926,34.22561,-120.24835,1,1
29927,34.22464,-120.19412,1,1
29928,34.22364,-120.1399,0,1
29929,34.22263,-120.08567,0,1
29930,34.22159,-120.03144,1,1
29931,34.22053,-119.97722,1,1
29932,34.21945,-119.923,1,1
29933,34.21834,-119.86877,1,1
29934,34.21722,-119.81455,1,1
29935,34.21607,-119.76033,1,1
29936,34.2149,-119.70611,1,1
29937,34.2137,-119.65189,1,0
30249,34.27688,-120.62694,1,0
30250,34.27607,-120.57268,1,1
30251,34.27523,-120.51842,1,1
30252,34.27436,-120.46416,1,1
30253,34.27348,-120.4099,1,1
30254,34.27257,-120.35564,1,1
30255,34.27165,-120.30138,1,0
30261,34.26561,-119.97586,1,0
30262,34.26453,-119.9216,1,0
30263,34.263420000000004,-119.86735,1,0
30264,34.26229,-119.8131,1,0
30265,34.26114,-119.75885,1,0
30266,34.25997,-119.70461,1,0
30267,34.25878,-119.65036,1,0
30268,34.25756,-119.59611,1,0
30579,34.32197,-120.62592,0,1
30580,34.32115,-120.57163,0,1
30581,34.32031,-120.51734,0,1
30582,34.31945,-120.46305,0,1
30583,34.31857,-120.40876,0,1
30584,34.31766,-120.35447,0,1
30591,34.31069,-119.97449,1,0
30592,34.30961,-119.92021,1,0
30593,34.3085,-119.86593,1,0
30594,34.30737,-119.81165,1,0
30595,34.30622,-119.75738,1,0
30596,34.30505,-119.7031,1,0
30597,34.30385,-119.64882,1,0
30598,34.30263,-119.59455,1,0
30908,34.36786,-120.6792,0,1
30909,34.36706,-120.62489,0,1
30910,34.36624,-120.57057,0,1
30911,34.3654,-120.51625,0,1
30912,34.36454,-120.46193,0,1
30913,34.36365,-120.40762,0,1
30914,34.36275,-120.3533,0,1
30921,34.35577,-119.97312,1,0
30922,34.35468,-119.91881,1,0
30923,34.35358,-119.86451,1,0
30924,34.35245,-119.8102,1,0
30925,34.3513,-119.75589,1,0
30926,34.35012,-119.70159,1,0
30927,34.34893,-119.64729,1,0
30928,34.34771,-119.59298,1,0
31236,34.41448,-120.7869,0,1
31237,34.41372,-120.73255,0,1
31238,34.41295,-120.6782,0,1
31239,34.41215,-120.62385,0,1
31240,34.41133,-120.56951,0,1
31241,34.41049,-120.51516,0,1
31242,34.40963,-120.46082,0,1
31243,34.40874,-120.40647,0,1
31244,34.40783,-120.35213,0,1
31251,34.40085,-119.97175,1,0
31252,34.39976,-119.91741,1,0
31253,34.39866,-119.86308,1,0
31254,34.39753,-119.80874,1,0
31255,34.39637,-119.75441,1,0
31256,34.3952,-119.70008,1,0
31257,34.394,-119.64574,1,0
31565,34.4603,-120.84033,0,1
31566,34.45957,-120.78595,0,1
31567,34.45882,-120.73157,0,1
31568,34.45804,-120.6772,0,1
31569,34.45724,-120.62282,0,1
31570,34.45642,-120.56845,0,1
31571,34.45558,-120.51407,0,1
31572,34.45472,-120.4597,0,1
31573,34.45383,-120.40533,0,1
31894,34.506100000000004,-120.89381,0,1
31895,34.50539,-120.8394,0,1
31896,34.50466,-120.785,0,1
31897,34.50391,-120.73059,0,1
31898,34.50313,-120.67619,0,1
31899,34.50233,-120.62178,0,1
31900,34.50151,-120.56738,0,1
31901,34.50067,-120.51298,0,1
32224,34.5512,-120.89292,0,1
32225,34.55049,-120.83848,0,1
32226,34.54976,-120.78405,0,1
32227,34.549,-120.72961,0,1
32228,34.54822,-120.67518,0,1
32229,34.54742,-120.62075,0,1
32553,34.59698,-120.94648,0,1
32554,34.59629,-120.89202,1,1
32555,34.59558,-120.83756,1,1
32556,34.59485,-120.78309,1,1
32557,34.59409,-120.72863,0,1
32558,34.59332,-120.67417,0,1
32883,34.64208,-120.94561,1,1
32884,34.64139,-120.89112,1,1
32885,34.64068,-120.83663,1,1
32886,34.63994,-120.78214,1,1
32887,34.63919,-120.72765,1,1
32888,34.63841,-120.67315,0,1
33213,34.68717,-120.94474,1,1
33214,34.68648,-120.89022,1,1
33215,34.68577,-120.8357,1,1
33216,34.68504,-120.78118,1,1
33217,34.68428,-120.72666,1,1
33543,34.73227,-120.94387,1,1
33544,34.73158,-120.88932,1,1
33545,34.73087,-120.83477,1,1
33546,34.73013,-120.78022,1,1
33547,34.72937,-120.72567,1,1
33873,34.77737,-120.94299,1,1
33874,34.77668,-120.88841,1,1
33875,34.77596,-120.83383,1,1
33876,34.77523,-120.77926,1,1
33877,34.77447,-120.72468,1,1
34203,34.82246,-120.94212,1,1
34204,34.82177,-120.88751,1,1
34205,34.82106,-120.8329,1,1
34206,34.82032,-120.77829,1,1
34207,34.81956,-120.72369,1,1
34532,34.86823,-120.99587,0,1
34533,34.86756,-120.94124,1,1
34534,34.86687,-120.8866,1,1
34535,34.86615,-120.83196,1,1
34536,34.86542,-120.77733,1,1
34537,34.86466,-120.72269,1,1
34538,34.86388,-120.66806,1,0
34862,34.91333,-120.99502,0,1
34863,34.91266,-120.94036,1,1
34864,34.91197,-120.88569,1,1
34865,34.91125,-120.83102,1,1
34866,34.91051,-120.77636,1,1
34867,34.90975,-120.7217,1,1
34868,34.90897,-120.66703,1,0
35193,34.95776,-120.93947,0,1
35194,34.95706,-120.88478,1,1
35195,34.95635,-120.83008,1,1
35196,34.95561,-120.77539,1,1
35197,34.95485,-120.7207,1,1
35198,34.95406,-120.66601,1,0
35523,35.00285,-120.93859,1,0
35524,35.00216,-120.88387,1,0
35525,35.00144,-120.82914,1,0
35526,35.00071,-120.77442,1,0
35527,34.99994,-120.7197,1,0
35528,34.99916,-120.66498,1,0
35853,35.04795,-120.9377,1,0
35854,35.04726,-120.88295,1,0
35855,35.04654,-120.8282,1,0
35856,35.0458,-120.77345,1,0
35857,35.04504,-120.7187,1,0
35858,35.04426,-120.66394,1,0
36182,35.09372,-120.9916,1,0
36183,35.09305,-120.93682,1,0
36184,35.09236,-120.88203,1,0
36185,35.09164,-120.82725,1,0
36186,35.0909,-120.77247,1,0
36187,35.09014,-120.71769,1,0
36512,35.13882,-120.99074,1,0
36513,35.13815,-120.93593,1,0
36514,35.13746,-120.88112,1,0
36515,35.13674,-120.8263,1,0
36516,35.136,-120.77149,1,0
36517,35.13523,-120.71668,1,0
36841,35.18458,-121.04472,1,0
36842,35.18393,-120.98988,1,0
36843,35.18325,-120.93504,1,0
36844,35.18256,-120.8802,1,0
36845,35.18184,-120.82535,1,0
36846,35.18109,-120.77052,1,0
37171,35.22968,-121.04389,1,0
37172,35.22903,-120.98901,1,0
37173,35.22835,-120.93414,1,0
37174,35.22765,-120.87927,1,0
37500,35.27541,-121.09795,1,0
37501,35.27478,-121.04305,1,0
37502,35.27413,-120.98815,1,0
37503,35.27345,-120.93325,1,0
37504,35.27276,-120.87835,1,0
37830,35.32051,-121.09714,1,0
37831,35.31988,-121.04221,1,0
37832,35.31923,-120.98728,1,0
37833,35.31855,-120.93235,1,0
37834,35.31786,-120.87742,1,0
38159,35.36622,-121.1513,1,0
38160,35.36562,-121.09634,1,0
38161,35.36498,-121.04137,1,0
38162,35.36433,-120.98641,1,0
38163,35.36366,-120.93145,1,0
38164,35.36296,-120.8765,1,0
38489,35.41133,-121.15052,1,0
38490,35.41072,-121.09552,1,0
38491,35.41009,-121.04053,1,0
38492,35.40943,-120.98554,1,0
38493,35.40876,-120.93055,1,0
38494,35.40806,-120.87557,1,0
38819,35.45643,-121.14973,1,0
38820,35.45582,-121.09471,1,0
38821,35.45519,-121.03969,1,0
38822,35.45454,-120.98467,1,0
38823,35.45386,-120.92965,1,0
39149,35.50154,-121.14895,1,0
39150,35.50093,-121.0939,1,0
39151,35.5003,-121.03885,1,0
46391,36.50121,-122.13433,1,0
46392,36.50101,-122.0786,1,1
46393,36.50078,-122.02287,1,1
46394,36.50053,-121.96715,1,1
46720,36.54652,-122.18983,1,0
46721,36.54634,-122.13407,1,0
46722,36.54613,-122.07831,1,1
46723,36.5459,-122.02255,1,1
46724,36.54565,-121.96679,1,1
47050,36.59164,-122.1896,1,0
47051,36.59146,-122.13381,1,0
47052,36.59126,-122.07802,1,1
47053,36.59103,-122.02223,1,1
47054,36.59078,-121.96644,1,1
47056,36.5902,-121.85486,1,0
47380,36.63677,-122.18937,1,0
47381,36.63659,-122.13355,1,0
47382,36.63638,-122.07772,1,1
47383,36.63615,-122.0219,1,1
47384,36.6359,-121.96608,1,1
47385,36.63563,-121.91026,1,1
47386,36.63533,-121.85444,1,0
47710,36.6819,-122.18914,1,0
47711,36.68171,-122.13328,1,0
47712,36.68151,-122.07743,1,1
47713,36.68128,-122.02158,1,1
47714,36.68103,-121.96573,1,1
47715,36.68075,-121.90987,1,1
47716,36.68045,-121.85402,1,1
47717,36.68013,-121.79817,1,0
48040,36.72702,-122.1889,1,0
48041,36.72684,-122.13302,1,1
48042,36.72663,-122.07714,1,1
48043,36.72641,-122.02125,1,1
48044,36.72615,-121.96537,1,1
48045,36.72588,-121.90949,1,1
48046,36.72558,-121.8536,1,1
48047,36.72526,-121.79772,1,0
48369,36.77231,-122.24459,1,0
48370,36.77215,-122.18867,1,1
48371,36.77197,-122.13276,1,1
48372,36.77176,-122.07684,1,1
48373,36.77153,-122.02093,1,1
48374,36.77128,-121.96501,1,1
48375,36.771,-121.9091,1,1
48376,36.7707,-121.85318,1,1
48377,36.77038,-121.79727,1,1
48697,36.81769,-122.35628,1,0
48698,36.81757,-122.30034,1,1
48699,36.81744,-122.24439,1,1
48700,36.81728,-122.18844,1,1
48701,36.8171,-122.13249,1,1
48702,36.81689,-122.07655,1,1
48703,36.81666,-122.0206,1,1
48704,36.81641,-121.96465,1,1
48705,36.81613,-121.90871,1,1
48706,36.81583,-121.85276,1,1
48707,36.81551,-121.79682,1,1
49025,36.86297,-122.4681,1,1
49026,36.86291,-122.41213,1,1
49027,36.86282,-122.35615,1,1
49028,36.8627,-122.30017,1,1
49029,36.86257,-122.24419,1,1
49030,36.86241,-122.18821,1,1
49031,36.86222,-122.13223,1,1
49032,36.86202,-122.07625,1,1
49033,36.86179,-122.02027,1,1
49034,36.86153,-121.96429,1,1
49035,36.86126,-121.90832,1,1
49036,36.86096,-121.85234,1,1
49037,36.86064,-121.79636,1,1
49353,36.90817,-122.58005,1,1
49354,36.90815,-122.52404,1,1
49355,36.9081,-122.46803,1,1
49356,36.90804,-122.41202,1,1
49357,36.90795,-122.35601,1,1
49358,36.90783,-122.3,1,1
49359,36.9077,-122.24399,1,1
49360,36.90754,-122.18798,1,1
49361,36.90735,-122.13197,1,1
49362,36.90715,-122.07595,1,1
49363,36.90692,-122.01994,1,1
49364,36.90666,-121.96393,1,1
49365,36.90639,-121.90793,1,0
49682,36.95329,-122.6361,1,1
49683,36.9533,-122.58004,1,1
49684,36.95328,-122.524,1,1
49685,36.95323,-122.46795,1,1
49686,36.95317,-122.41191,1,1
49687,36.95308,-122.35587,1,1
49688,36.95296,-122.29983,1,1
49689,36.95283,-122.24378,1,1
49690,36.95267,-122.18774,1,1
49691,36.95248,-122.1317,0,1
50010,36.99835,-122.74827,1,0
50011,36.9984,-122.69219,1,1
50012,36.99843,-122.63612,1,1
50013,36.99843,-122.58003,1,1
50014,36.99841,-122.52395,1,1
50015,36.99837,-122.46788,1,1
50016,36.9983,-122.41181,1,1
50017,36.99821,-122.35573,1,1
50018,36.99809,-122.29966,1,1
50019,36.99796,-122.24358,1,1
50340,37.04348,-122.74835,1,1
50341,37.04353,-122.69225,1,1
50342,37.04356,-122.63614,1,1
50343,37.04356,-122.58002,1,1
50344,37.04354,-122.52391,1,1
50345,37.0435,-122.4678,1,1
50346,37.04343,-122.4117,1,1
50347,37.04334,-122.35559,1,1
50348,37.04323,-122.29949,1,1
50669,37.08854,-122.80458,1,1
50670,37.08861,-122.74844,1,1
50671,37.08866,-122.6923,1,1
50672,37.08869,-122.63616,1,1
50673,37.08869,-122.58001,1,1
50674,37.08867,-122.52387,1,1
50675,37.08863,-122.46773,1,1
50676,37.08856,-122.41159,1,1
50677,37.08847,-122.35545,1,1
50678,37.08836,-122.29931,0,1
50998,37.13358,-122.86086,0,1
50999,37.13367,-122.80469,1,1
51000,37.13375,-122.74852,1,1
51001,37.1338,-122.69235,1,1
51002,37.13382,-122.63618,1,1
51003,37.13383,-122.58,1,1
51004,37.13381,-122.52382,1,1
51005,37.13376,-122.46765,1,1
51006,37.1337,-122.41148,1,1
51328,37.17871,-122.86101,1,1
51329,37.17881,-122.80481,1,1
51330,37.17888,-122.74861,1,1
51331,37.17893,-122.69241,1,1
51332,37.17896,-122.6362,1,1
51333,37.17896,-122.57999,1,1
51334,37.17894,-122.52378,1,1
51335,37.1789,-122.46758,1,1
51336,37.17883,-122.41138,1,0
51657,37.22372,-122.9174,1,0
51658,37.22384,-122.86116,1,1
51659,37.22394,-122.80493,1,1
51660,37.22402,-122.74869,1,1
51661,37.22407,-122.69246,1,1
51662,37.22409,-122.63622,1,1
51663,37.2241,-122.57997,1,1
51664,37.22408,-122.52374,1,0
51665,37.22403,-122.4675,1,0
51666,37.22397,-122.41127,1,0
51987,37.26886,-122.91758,1,0
51988,37.26898,-122.86131,1,0
51989,37.26908,-122.80504,1,1
51990,37.26915,-122.74878,1,1
51991,37.2692,-122.69251,1,1
51992,37.26923,-122.63624,1,0
51993,37.26923,-122.57996,1,0
51994,37.26921,-122.52369,1,0
51995,37.26917,-122.46743,1,0
52316,37.31385,-122.97406,1,0
52317,37.31399,-122.91776,1,0
52318,37.31412,-122.86146,1,0
52319,37.31421,-122.80516,1,0
52320,37.31429,-122.74886,1,0
52321,37.31434,-122.69256,1,0
52322,37.31436,-122.63626,1,0
52323,37.31437,-122.57995,1,0
52324,37.31435,-122.52365,1,0
52325,37.3143,-122.46735,1,0
52646,37.35899,-122.97427,1,0
52647,37.35913,-122.91794,1,0
52648,37.35925,-122.86161,1,0
52649,37.35935,-122.80528,1,0
52650,37.35942,-122.74895,1,0
52651,37.35947,-122.69262,1,0
52652,37.3595,-122.63629,1,0
52653,37.35951,-122.57994,1,0
52654,37.35949,-122.52361,1,0
52975,37.40396,-123.03085,1,0
52976,37.40412,-122.97449,1,0
52977,37.40427,-122.91813,1,0
52978,37.40439,-122.86176,1,0
52979,37.40449,-122.8054,1,0
52980,37.40456,-122.74903,1,0
52981,37.40461,-122.69267,1,0
52982,37.40464,-122.63631,1,0
52983,37.40464,-122.57993,1,0
52984,37.40462,-122.52356,1,0
53304,37.4489,-123.0875,0,1
53305,37.44909,-123.0311,1,1
53306,37.44926,-122.9747,1,1
53307,37.44941,-122.91831,1,1
53308,37.44953,-122.86191,1,0
53309,37.44963,-122.80552,1,0
53310,37.4497,-122.74912,1,0
53311,37.44975,-122.69272,1,0
53312,37.44978,-122.63633,1,0
53313,37.44978,-122.57992,1,0
53314,37.44976,-122.52352,1,0
53634,37.49404,-123.08778,1,1
53635,37.49423,-123.03135,1,1
53636,37.4944,-122.97492,1,1
53637,37.49455,-122.91849,1,1
53638,37.49467,-122.86206,1,1
53639,37.49477,-122.80563,1,1
53640,37.49484,-122.74921,1,0
53641,37.49489,-122.69278,1,0
53642,37.49492,-122.63635,1,0
53643,37.49492,-122.57991,1,0
53644,37.4949,-122.52347,1,0
53963,37.53896,-123.14452,1,1
53964,37.53918,-123.08806,1,1
53965,37.53937,-123.0316,1,1
53966,37.53954,-122.97514,1,1
53967,37.53969,-122.91868,1,1
53968,37.53981,-122.86222,1,1
53969,37.53991,-122.80575,1,1
53970,37.53998,-122.74929,1,0
53971,37.54003,-122.69283,1,0
53972,37.54006,-122.63637,1,0
53973,37.54006,-122.57989,1,0
54292,37.58386,-123.20133,1,1
54293,37.5841,-123.14483,1,1
54294,37.58432,-123.08834,1,1
54295,37.58451,-123.03185,1,1
54296,37.58468,-122.97535,1,1
54297,37.58483,-122.91886,1,1
54298,37.58495,-122.86237,1,1
54299,37.58505,-122.80587,1,1
54300,37.58512,-122.74938,1,0
54301,37.58517,-122.69288,1,0
54302,37.5852,-122.63639,1,0
54621,37.62874,-123.2582,1,0
54622,37.629,-123.20168,1,1
54623,37.62924,-123.14515,1,1
54624,37.62946,-123.08862,1,1
54625,37.62965,-123.0321,1,1
54626,37.62982,-122.97557,1,1
54627,37.62997,-122.91905,1,1
54628,37.63009,-122.86252,1,1
54629,37.63019,-122.80599,1,1
54630,37.63026,-122.74947,1,0
54631,37.63031,-122.69294,1,0
54951,37.67388,-123.25858,1,1
54952,37.67415,-123.20202,1,1
54953,37.67439,-123.14547,1,1
54954,37.6746,-123.08891,1,1
54955,37.6748,-123.03235,1,1
54956,37.67497,-122.97579,1,1
54957,37.67511,-122.91923,1,1
54958,37.67523,-122.86267,1,1
54959,37.67533,-122.80611,1,0
54960,37.67541,-122.74955,1,0
54961,37.67546,-122.69299,1,0
55280,37.71873,-123.31556,1,1
55281,37.71902,-123.25897,1,1
55282,37.71929,-123.20237,1,1
55283,37.71953,-123.14578,1,1
55284,37.71975,-123.08919,1,1
55285,37.71994,-123.0326,1,1
55286,37.72011,-122.97601,1,1
55287,37.72025,-122.91942,1,1
55288,37.72038,-122.86282,1,1
55289,37.72047,-122.80623,1,0
55290,37.72055,-122.74964,1,0
55291,37.7206,-122.69305,1,0
55608,37.76323,-123.42922,1,0
55609,37.76357,-123.3726,1,1
55610,37.76388,-123.31597,1,1
55611,37.76417,-123.25935,1,1
55612,37.76443,-123.20272,1,1
55613,37.76467,-123.1461,1,1
55614,37.76489,-123.08948,1,1
55615,37.76508,-123.03285,1,1
55616,37.76525,-122.97623,1,1
55617,37.7654,-122.9196,1,1
55618,37.76552,-122.86298,1,0
55619,37.76562,-122.80635,1,0
55620,37.76569,-122.74973,1,0
55937,37.80801,-123.48636,1,0
55938,37.80837,-123.4297,1,1
55939,37.80871,-123.37305,1,1
55940,37.80902,-123.31639,1,1
55941,37.80931,-123.25973,1,1
55942,37.80957,-123.20308,1,1
55943,37.80982,-123.14642,1,1
55944,37.81003,-123.08976,1,1
55945,37.81023,-123.0331,1,1
55946,37.8104,-122.97645,1,1
55947,37.81054,-122.91979,1,0
55948,37.81066,-122.86313,1,0
55949,37.81076,-122.80647,1,0
55950,37.81084,-122.74981,1,0
56266,37.85277,-123.54356,1,1
56267,37.85316,-123.48687,1,1
56268,37.85352,-123.43019,1,1
56269,37.85385,-123.3735,1,1
56270,37.85416,-123.31681,1,1
56271,37.85445,-123.26012,1,1
56272,37.85472,-123.20343,1,1
56273,37.85496,-123.14674,1,1
56274,37.85518,-123.09005,1,1
56275,37.85537,-123.03336,1,1
56276,37.85554,-122.97667,1,1
56277,37.85569,-122.91997,1,0
56278,37.85581,-122.86328,1,0
56279,37.85591,-122.80659,1,0
56596,37.89791,-123.54411,1,1
56597,37.8983,-123.48739,1,1
56598,37.89866,-123.43067,1,1
56599,37.899,-123.37395,1,1
56600,37.89931,-123.31723,1,1
56601,37.8996,-123.2605,1,1
56602,37.89986,-123.20378,1,1
56603,37.90011,-123.14706,1,1
56604,37.90032,-123.09033,1,1
56605,37.90052,-123.03361,1,1
56606,37.90069,-122.97689,1,1
56607,37.90083,-122.92016,1,0
56608,37.90096,-122.86344,1,0
56925,37.94265,-123.60142,1,0
56926,37.94306,-123.54467,1,1
56927,37.94344,-123.48791,1,1
56928,37.9438,-123.43116,1,1
56929,37.94414,-123.3744,1,1
56930,37.94446,-123.31765,1,1
56931,37.94474,-123.26089,1,1
56932,37.94501,-123.20413,1,1
56933,37.94525,-123.14738,1,1
56934,37.94547,-123.09062,1,1
56935,37.94566,-123.03386,1,1
56936,37.94583,-122.97711,1,1
56937,37.94598,-122.92035,1,0
57254,37.98736,-123.65879,1,0
57255,37.9878,-123.60201,1,1
57256,37.9882,-123.54522,1,1
57257,37.98859,-123.48843,1,1
57258,37.98895,-123.43164,1,1
57259,37.98929,-123.37486,1,1
57260,37.9896,-123.31807,1,1
57261,37.98989,-123.26128,1,1
57262,37.99016,-123.20449,1,1
57263,37.9904,-123.1477,1,1
57264,37.99062,-123.09091,1,1
57265,37.99081,-123.03412,1,1
57266,37.99098,-122.97733,1,0
57584,38.03251,-123.65942,1,0
57585,38.03294,-123.6026,1,1
57586,38.03335,-123.54577,1,1
57587,38.03374,-123.48895,1,1
57588,38.0341,-123.43213,1,1
57589,38.03444,-123.37531,1,1
57590,38.03475,-123.31849,1,1
57591,38.03504,-123.26167,1,1
57592,38.03531,-123.20484,1,1
57593,38.03555,-123.14802,1,1
57594,38.03577,-123.0912,1,1
57595,38.03596,-123.03437,1,1
57914,38.07765,-123.66004,1,0
57915,38.07809,-123.60318,1,1
57916,38.0785,-123.54633,1,1
57917,38.07888,-123.48948,1,1
57918,38.07925,-123.43262,1,1
57919,38.07958,-123.37577,1,1
57920,38.0799,-123.31891,1,1
57921,38.08019,-123.26205,1,1
57922,38.08045,-123.2052,1,1
57923,38.0807,-123.14834,1,1
57924,38.08092,-123.09148,1,1
57925,38.08111,-123.03463,1,1
58244,38.1228,-123.66066,1,0
58245,38.12324,-123.60378,1,1
58246,38.12365,-123.54689,1,1
58247,38.12403,-123.49,1,1
58248,38.12439,-123.43311,1,1
58249,38.12473,-123.37622,1,1
58250,38.12505,-123.31933,1,1
58251,38.12534,-123.26244,1,1
58252,38.1256,-123.20555,1,1
58253,38.12585,-123.14866,1,1
58254,38.12607,-123.09177,1,1
58255,38.12626,-123.03488,1,1
58574,38.16795,-123.66129,1,0
58575,38.16838,-123.60437,1,0
58576,38.16879,-123.54745,1,1
58577,38.16918,-123.49052,1,1
58578,38.16954,-123.4336,1,1
58579,38.16988,-123.37668,1,1
58580,38.1702,-123.31976,1,1
58581,38.17049,-123.26283,1,1
58582,38.17075,-123.20591,1,1
58583,38.171,-123.14899,1,1
58584,38.17122,-123.09206,1,1
58585,38.17141,-123.03514,1,1
58905,38.21353,-123.60496,1,0
58906,38.21394,-123.54801,1,1
58907,38.21433,-123.49105,1,1
58908,38.21469,-123.43409,1,1
58909,38.21503,-123.37714,1,1
58910,38.21535,-123.32018,1,1
58911,38.21564,-123.26323,1,1
58912,38.21591,-123.20627,1,1
58913,38.21615,-123.14931,1,1
58914,38.21637,-123.09235,1,1
58915,38.21656,-123.0354,1,1
58916,38.21673,-122.97844,0,1
59234,38.25825,-123.66254,1,0
59235,38.25868,-123.60555,1,1
59236,38.25909,-123.54857,1,1
59237,38.25948,-123.49158,1,1
59238,38.25984,-123.43459,1,1
59239,38.26018,-123.3776,1,1
59240,38.2605,-123.32061,1,1
59241,38.26079,-123.26362,1,1
59242,38.26106,-123.20663,1,1
59243,38.2613,-123.14964,1,1
59244,38.26152,-123.09265,1,1
59245,38.26172,-123.03565,1,1
59564,38.3034,-123.66317,1,0
59565,38.30383,-123.60615,1,1
59566,38.30425,-123.54913,1,1
59567,38.30463,-123.4921,1,1
59568,38.305,-123.43508,1,1
59569,38.30534,-123.37806,1,1
59570,38.30565,-123.32103,1,1
59571,38.30594,-123.26401,1,1
59572,38.30621,-123.20699,1,1
59573,38.30646,-123.14996,1,1
59574,38.30667,-123.09294,1,1
59575,38.30687,-123.03591,0,1
59894,38.34855,-123.6638,1,1
59895,38.34899,-123.60675,1,1
59896,38.3494,-123.54969,1,1
59897,38.34979,-123.49263,1,1
59898,38.35015,-123.43558,1,1
59899,38.35049,-123.37852,1,1
59900,38.35081,-123.32146,1,1
59901,38.3511,-123.2644,1,1
59902,38.35137,-123.20735,1,1
59903,38.35161,-123.15029,1,1
59904,38.35183,-123.09323,1,1
60224,38.3937,-123.66443,1,1
60225,38.39414,-123.60734,1,1
60226,38.39455,-123.55025,1,1
60227,38.39494,-123.49316,1,1
60228,38.3953,-123.43607,1,1
60229,38.39564,-123.37898,1,1
60230,38.39596,-123.32189,1,1
60231,38.39625,-123.2648,1,1
60232,38.39652,-123.20771,1,1
60233,38.39676,-123.15061,1,1
60234,38.39698,-123.09352,0,1
60553,38.43839,-123.72219,0,1
60554,38.43886,-123.66507,1,1
60555,38.43929,-123.60794,1,1
60556,38.43971,-123.55082,1,1
60557,38.44009,-123.49369,1,1
60558,38.44046,-123.43657,1,1
60559,38.4408,-123.37945,1,1
60560,38.44112,-123.32232,1,1
60561,38.44141,-123.26519,1,1
60562,38.44168,-123.20807,1,1
60563,38.44192,-123.15094,1,1
60883,38.48355,-123.72286,0,1
60884,38.48401,-123.6657,1,1
60885,38.48445,-123.60854,1,1
60886,38.48486,-123.55138,1,1
60887,38.48525,-123.49423,1,1
60888,38.48561,-123.43707,1,1
60889,38.48596,-123.37991,1,1
60890,38.48627,-123.32275,1,1
60891,38.48656,-123.26559,1,1
60892,38.48683,-123.20843,1,1
61213,38.5287,-123.72353,0,1
61214,38.52916,-123.66634,0,1
61215,38.5296,-123.60914,1,1
61216,38.53002,-123.55195,1,1
61217,38.53041,-123.49476,1,1
61218,38.53077,-123.43757,1,1
61219,38.53111,-123.38037,1,1
61220,38.53143,-123.32318,1,1
61221,38.53172,-123.26599,1,1
61543,38.57386,-123.7242,0,1
61544,38.57432,-123.66697,0,1
61545,38.57476,-123.60975,0,1
61546,38.57517,-123.55252,0,1
61547,38.57556,-123.49529,1,1
61548,38.57593,-123.43807,1,1
61549,38.57627,-123.38084,1,1
61873,38.61901,-123.72487,0,1
61874,38.61948,-123.66761,0,1
61875,38.61992,-123.61035,0,1
61876,38.62033,-123.55309,0,1
61877,38.62072,-123.49583,0,1
61878,38.62109,-123.43857,0,1
63520,38.84327,-123.90054,1,0
63521,38.84381,-123.84311,1,0
63522,38.84432,-123.78568,1,0
63849,38.88787,-123.95879,1,1
63850,38.88843,-123.90133,1,1
63851,38.88897,-123.84386,1,1
63852,38.88948,-123.7864,1,1
64178,38.93244,-124.01711,1,1
64179,38.93303,-123.95961,1,1
64180,38.93359,-123.90211,1,1
64181,38.93413,-123.84461,1,1
64182,38.93465,-123.78711,1,1
64508,38.97761,-124.01797,1,1
64509,38.97819,-123.96043,1,1
64510,38.97876,-123.9029,1,1
64511,38.9793,-123.84537,1,1
64512,38.97981,-123.78783,1,1
64513,38.9803,-123.7303,1,0
64837,39.02216,-124.07639,1,0
64838,39.02277,-124.01883,1,1
64839,39.02336,-123.96126,1,1
64840,39.02392,-123.90369,1,1
64841,39.02446,-123.84612,1,1
64842,39.02498,-123.78855,1,1
64843,39.02547,-123.73098,1,0
65167,39.06732,-124.07729,1,0
65168,39.06793,-124.01969,1,1
65169,39.06852,-123.96208,1,1
65170,39.06909,-123.90448,1,1
65171,39.06963,-123.84688,1,1
65172,39.07014,-123.78927,1,1
65173,39.07063,-123.73167,1,0
65497,39.11248,-124.07819,1,0
65498,39.1131,-124.02055,1,1
65499,39.11369,-123.96291,1,1
65500,39.11425,-123.90527,1,1
65501,39.11479,-123.84764,1,1
65502,39.11531,-123.79,1,0
65828,39.15826,-124.02141,1,1
65829,39.15885,-123.96374,1,1
65830,39.15942,-123.90607,1,1
65831,39.15996,-123.8484,1,1
65832,39.16048,-123.79072,1,0
66158,39.20343,-124.02228,1,1
66159,39.20402,-123.96457,1,1
66160,39.20459,-123.90686,1,1
66161,39.20513,-123.84916,1,1
66162,39.20565,-123.79145,1,0
66488,39.2486,-124.02315,1,1
66489,39.24919,-123.96541,1,1
66490,39.24976,-123.90766,1,1
66491,39.2503,-123.84992,1,1
66818,39.29377,-124.02402,1,1
66819,39.29436,-123.96624,1,1
66820,39.29492,-123.90846,1,1
66821,39.29547,-123.85068,1,1
67147,39.33832,-124.0827,1,0
67148,39.33894,-124.02489,1,1
67149,39.33953,-123.96708,1,1
67150,39.3401,-123.90926,1,1
67151,39.34064,-123.85145,1,1
67477,39.38349,-124.08361,1,1
67478,39.38411,-124.02576,1,1
67479,39.3847,-123.96791,1,1
67480,39.38527,-123.91007,1,1
67481,39.38581,-123.85222,1,1
67807,39.42866,-124.08452,1,1
67808,39.42928,-124.02664,1,1
67809,39.42987,-123.96875,1,1
67810,39.43044,-123.91087,1,1
67811,39.43099,-123.85298,1,1
68137,39.47383,-124.08543,1,1
68138,39.47445,-124.02752,1,1
68139,39.47505,-123.9696,1,1
68140,39.47562,-123.91168,1,1
68141,39.47616,-123.85375,1,1
68142,39.47668,-123.79583,0,1
68467,39.51901,-124.08635,1,0
68468,39.51963,-124.02839,1,1
68469,39.52022,-123.97044,1,1
68470,39.52079,-123.91248,1,1
68471,39.52134,-123.85453,1,1
68797,39.56418,-124.08727,1,0
68798,39.5648,-124.02928,1,1
68799,39.5654,-123.97128,1,1
68800,39.56597,-123.91329,1,1
68801,39.56651,-123.8553,1,1
69129,39.61057,-123.97213,0,1
69130,39.61114,-123.9141,0,1
69131,39.61169,-123.85608,0,1
83640,41.59301,-124.54829,1,0
83641,41.59383,-124.48862,1,0
83642,41.59464,-124.42894,1,0
83643,41.59541,-124.36927,1,0
83644,41.59616,-124.3096,1,0
83969,41.63738,-124.60928,1,0
83970,41.63823,-124.54957,1,0
83971,41.63906,-124.48986,1,0
83972,41.63986,-124.43015,1,0
83973,41.64064,-124.37044,1,0
83974,41.64139,-124.31072,1,0
83975,41.64212,-124.25101,1,0
84300,41.68346,-124.55086,1,0
84301,41.68429,-124.49111,1,0
84302,41.68509,-124.43136,1,0
84303,41.68587,-124.37161,1,0
84304,41.68662,-124.31186,1,0
84305,41.68735,-124.2521,1,0
84630,41.72869,-124.55215,1,0
84631,41.72952,-124.49236,1,0
84632,41.73032,-124.43257,1,0
84633,41.7311,-124.37278,1,0
84634,41.73186,-124.31299,1,0
84635,41.73258,-124.25319,1,0
84960,41.77392,-124.55345,1,0
84961,41.77475,-124.49362,1,0
84962,41.77556,-124.43379,1,0
84963,41.77634,-124.37396,1,0
84964,41.77709,-124.31412,1,0
84965,41.77782,-124.25429,1,0
85289,41.81829,-124.61461,1,0
85290,41.81915,-124.55474,1,0
85291,41.81998,-124.49487,1,0
85292,41.82079,-124.435,1,0
85293,41.82157,-124.37513,1,0
85294,41.82233,-124.31526,1,0
85619,41.86353,-124.61595,1,0
85620,41.86438,-124.55604,1,0
85621,41.86522,-124.49613,1,0
85622,41.86602,-124.43622,1,0
85623,41.86681,-124.37631,1,0
85624,41.86756,-124.3164,1,0
85949,41.90876,-124.61729,1,0
85950,41.90962,-124.55734,1,0
85951,41.91045,-124.49739,1,0
85952,41.91126,-124.43745,1,0
85953,41.91204,-124.3775,1,0
85954,41.9128,-124.31754,1,0
86279,41.95399,-124.61863,1,0
86280,41.95486,-124.55865,1,0
86281,41.95569,-124.49866,1,0
86282,41.9565,-124.43867,1,0
86283,41.95728,-124.37868,1,0
86284,41.95804,-124.31869,1,0
86608,41.99834,-124.68001,1,0
86609,41.99923,-124.61998,1,0
86610,42.00009,-124.55996,1,0
86611,42.00093,-124.49993,1,0
86612,42.00174,-124.4399,1,0
86613,42.00252,-124.37987,1,0
86614,42.00328,-124.31984,1,0
86939,42.04447,-124.62133,1,0
86940,42.04533,-124.56127,1,0
86941,42.04617,-124.5012,1,0
86942,42.04698,-124.44113,1,0
86943,42.04776,-124.38106,1,0
101789,44.0818,-124.68526,1,0
101790,44.08271,-124.62329,1,0
102116,44.12424,-124.87277,1,0
102117,44.12522,-124.81077,1,0
102118,44.12618,-124.74876,1,0
102119,44.12712,-124.68675,1,0
102120,44.12802,-124.62474,1,0
102121,44.1289,-124.56273,1,0
102122,44.12975,-124.50072,1,0
102445,44.16853,-124.93645,1,0
102446,44.16955,-124.8744,1,0
102447,44.17054,-124.81235,1,0
102448,44.1715,-124.7503,1,0
102449,44.17243,-124.68825,1,0
102450,44.17334,-124.6262,1,0
102451,44.17422,-124.56414,1,0
102452,44.17507,-124.50209,1,0
102453,44.17589,-124.44003,1,0
102454,44.17669,-124.37797,1,0
102775,44.21385,-124.93813,1,0
102776,44.21486,-124.87604,1,0
102777,44.21585,-124.81394,1,0
102778,44.21681,-124.75185,1,0
102779,44.21775,-124.68975,1,0
102780,44.21865,-124.62765,1,0
102781,44.21953,-124.56555,1,0
102782,44.22039,-124.50345,1,0
102783,44.22121,-124.44135,1,0
102784,44.22201,-124.37925,1,0
102785,44.22278,-124.31714,1,0
103105,44.25916,-124.93981,1,0
103106,44.26018,-124.87767,1,0
103107,44.26117,-124.81554,1,0
103108,44.26213,-124.7534,1,0
103109,44.26307,-124.69125,1,0
103110,44.26397,-124.62911,1,0
103111,44.26485,-124.56697,1,0
103112,44.26571,-124.50482,1,0
103113,44.26653,-124.44268,1,0
103114,44.26733,-124.38053,1,0
103115,44.2681,-124.31838,1,0
103116,44.26884,-124.25623,1,0
103435,44.30448,-124.9415,1,0
103436,44.30549,-124.87932,1,0
103437,44.30649,-124.81713,1,0
103438,44.30745,-124.75495,1,0
103439,44.30838,-124.69276,1,0
103440,44.30929,-124.63057,1,0
103441,44.31018,-124.56839,1,0
103442,44.31103,-124.5062,1,0
103443,44.31186,-124.444,1,0
103444,44.31265,-124.38181,1,0
103445,44.31343,-124.31962,1,0
103446,44.31417,-124.25742,1,0
103765,44.34979,-124.94319,1,0
103766,44.35081,-124.88096,1,0
103767,44.3518,-124.81873,1,0
103768,44.35277,-124.7565,1,0
103769,44.35371,-124.69427,1,0
103770,44.35462,-124.63204,1,0
103771,44.3555,-124.56981,1,0
103772,44.35635,-124.50757,1,0
103773,44.35718,-124.44534,1,0
103774,44.35798,-124.3831,1,0
103775,44.35875,-124.32086,1,0
103776,44.3595,-124.25862,1,0
103777,44.36022,-124.19638,1,0
104095,44.39511,-124.94488,1,0
104096,44.39613,-124.88261,1,0
104097,44.39713,-124.82034,1,0
104098,44.39809,-124.75806,1,0
104099,44.39903,-124.69579,1,0
104100,44.39994,-124.63351,1,0
104101,44.40082,-124.57123,1,0
104102,44.40168,-124.50895,1,0
104103,44.40251,-124.44667,1,0
104104,44.40331,-124.38439,1,0
104105,44.40408,-124.3221,1,0
104106,44.40483,-124.25982,1,0
104107,44.40555,-124.19753,1,0
104425,44.44043,-124.94658,1,0
104426,44.44145,-124.88426,1,0
104427,44.44245,-124.82194,1,0
104428,44.44342,-124.75962,1,0
104429,44.44436,-124.6973,1,0
104430,44.44527,-124.63498,1,0
104431,44.44615,-124.57266,1,0
104432,44.44701,-124.51033,1,0
104433,44.44784,-124.44801,1,0
104434,44.44864,-124.38568,1,0
104435,44.44941,-124.32335,1,0
104436,44.45016,-124.26102,1,0
104437,44.45088,-124.19869,1,0
104756,44.48678,-124.88592,1,0
104757,44.48777,-124.82356,1,0
104758,44.48874,-124.76119,1,0
104759,44.48968,-124.69882,1,0
104760,44.49059,-124.63646,1,0
104761,44.49148,-124.57409,1,0
104762,44.49234,-124.51172,1,0
104763,44.49317,-124.44935,1,0
104764,44.49397,-124.38697,1,0
104765,44.49475,-124.3246,1,0
104766,44.49549,-124.26222,1,0
104767,44.49621,-124.19985,1,0
105087,44.5331,-124.82517,1,0
105088,44.53407,-124.76276,1,0
105089,44.53501,-124.70035,1,0
105090,44.53592,-124.63794,1,0
105091,44.53681,-124.57552,1,0
105092,44.53767,-124.51311,1,0
105093,44.5385,-124.45069,1,0
105094,44.5393,-124.38827,1,0
105095,44.54008,-124.32585,1,0
105096,44.54083,-124.26343,1,0
105097,44.54155,-124.20101,1,0
105420,44.58126,-124.63942,1,0
105421,44.58214,-124.57696,1,0
105422,44.583,-124.5145,1,0
105423,44.58383,-124.45204,1,0
105424,44.58464,-124.38957,1,0
105425,44.58542,-124.32711,1,0
105426,44.58617,-124.26464,1,0
105427,44.58689,-124.20218,1,0
105753,44.62917,-124.45339,1,0
105754,44.62998,-124.39088,1,0
105755,44.63075,-124.32837,1,0
105756,44.6315,-124.26585,1,0
105757,44.63223,-124.20334,1,0
106086,44.67684,-124.26707,1,0
129172,47.84171,-125.28362,1,0
129173,47.84291,-125.21762,1,0
129174,47.84408,-125.15162,1,0
129175,47.84523,-125.08562,1,0
129176,47.84634,-125.01962,1,0
129177,47.84742,-124.95361,1,0
129500,47.88469,-125.4179,1,0
129501,47.88596,-125.35185,1,0
129502,47.88719,-125.2858,1,0
129503,47.88839,-125.21975,1,0
129504,47.88956,-125.1537,1,0
129505,47.89071,-125.08764,1,0
129506,47.89182,-125.02159,1,0
129507,47.8929,-124.95553,1,0
129828,47.92755,-125.55238,1,0
129829,47.92888,-125.48629,1,0
129830,47.93017,-125.42019,1,0
129831,47.93143,-125.35409,1,0
129832,47.93267,-125.28799,1,0
129833,47.93387,-125.22189,1,0
129834,47.93505,-125.15578,1,0
129835,47.93619,-125.08967,1,0
129836,47.9373,-125.02356,1,0
129837,47.93839,-124.95745,1,0
129838,47.93944,-124.89133,1,0
130157,47.97167,-125.62094,1,0
130158,47.97303,-125.55479,1,0
130159,47.97435,-125.48865,1,0
130160,47.97565,-125.4225,1,0
130161,47.97691,-125.35634,1,0
130162,47.97815,-125.29019,1,0
130163,47.97935,-125.22403,1,0
130164,47.98053,-125.15787,1,0
130165,47.98167,-125.09171,1,0
130166,47.98279,-125.02554,1,0
130167,47.98388,-124.95937,1,0
130168,47.98493,-124.89321,1,0
130487,48.01715,-125.62341,1,0
130488,48.0185,-125.55721,1,0
130489,48.01983,-125.49101,1,0
130490,48.02113,-125.4248,1,0
130491,48.0224,-125.3586,1,0
130492,48.02363,-125.29239,1,0
130493,48.02484,-125.22618,1,0
130494,48.02602,-125.15996,1,0
130495,48.02716,-125.09374,1,0
130496,48.02828,-125.02753,1,0
130497,48.02937,-124.9613,1,0
130498,48.03042,-124.89508,1,0
130816,48.06124,-125.69214,1,0
130817,48.06263,-125.62589,1,0
130818,48.06398,-125.55963,1,0
130819,48.06531,-125.49338,1,0
130820,48.06661,-125.42712,1,0
130821,48.06788,-125.36086,1,0
130822,48.06912,-125.29459,1,0
130823,48.07033,-125.22833,1,0
130824,48.0715,-125.16206,1,0
130825,48.07265,-125.09579,1,0
130826,48.07377,-125.02951,1,0
130827,48.07486,-124.96324,1,0
130828,48.075920000000004,-124.89696000000001,1,0
131145,48.1053,-125.76098,1,0
131146,48.10672,-125.69467,1,0
131147,48.10811,-125.62837,1,0
131148,48.10947,-125.56206,1,0
131149,48.1108,-125.49575,1,0
131150,48.1121,-125.42944,1,0
131151,48.11337,-125.36312,1,0
131152,48.11461,-125.2968,1,0
131153,48.11582,-125.23048,1,0
131154,48.117,-125.16416,1,0
131155,48.11815,-125.09784,1,0
131156,48.11926,-125.03151,1,0
131157,48.12035,-124.96518,1,0
131158,48.12141,-124.89885,1,0
131159,48.12244,-124.83251,1,0
131474,48.14932,-125.82993,1,0
131475,48.15078,-125.76357,1,0
131476,48.1522,-125.69722,1,0
131477,48.15359,-125.63086,1,0
131478,48.15495,-125.56449,1,0
131479,48.15628,-125.49813,1,0
131480,48.15758,-125.43176,1,0
131481,48.15886,-125.36539,1,0
131482,48.1601,-125.29902,1,0
131483,48.16131,-125.23264,1,0
131484,48.16249,-125.16627,1,0
131485,48.16364,-125.09989,1,0
131486,48.16476,-125.03351,1,0
131487,48.16585,-124.96712,1,0
131488,48.16691,-124.90074,1,0
131489,48.16794,-124.83435,1,0
131804,48.1948,-125.83258,1,0
131805,48.19626,-125.76618,1,0
131806,48.19768,-125.69976,1,0
131807,48.19908,-125.63335,1,0
131808,48.20044,-125.56693,1,0
131809,48.20177,-125.50051,1,0
131810,48.20308,-125.43409,1,0
131811,48.20435,-125.36767,1,0
131812,48.20559,-125.30124,1,0
131813,48.2068,-125.23481,1,0
131814,48.20799,-125.16838,1,0
131815,48.20914,-125.10195,1,0
131816,48.21026,-125.03551,1,0
131817,48.21135,-124.96907,1,0
131818,48.21241,-124.90263,1,0
132135,48.24174,-125.76878,1,0
132136,48.24317,-125.70232,1,0
132137,48.24456,-125.63585,1,0
132138,48.24593,-125.56938,1,0
132139,48.24726,-125.5029,1,0
132140,48.24857,-125.43643,1,0
132141,48.24984,-125.36995,1,0
132142,48.25109,-125.30347,1,0
132143,48.2523,-125.23698,1,0
132144,48.25348,-125.1705,1,0
132145,48.25464,-125.10401,1,0
132146,48.25576,-125.03752,1,0
132147,48.25685,-124.97103,1,0
132148,48.25792,-124.90453,1,0
132467,48.29005,-125.63836,1,0
132468,48.29142,-125.57183,1,0
132469,48.29276,-125.5053,1,0
132470,48.29406,-125.43877,1,0
132471,48.29534,-125.37224,1,0
132472,48.29658,-125.3057,1,0
132473,48.2978,-125.23916,1,0
132474,48.29899,-125.17262,1,0
132475,48.30014,-125.10608,1,0
132476,48.30126,-125.03953,1,0
132477,48.30236,-124.97298,1,0
132478,48.30342,-124.90643,1,0
132800,48.33956,-125.44112,1,0
132801,48.34084,-125.37453,1,0
132802,48.34209,-125.30794,1,0
132803,48.3433,-125.24134,1,0
132804,48.34449,-125.17475,1,0
132805,48.34564,-125.10815,1,0
132806,48.34677,-125.04155,1,0
132807,48.34787,-124.97495,1,0
132808,48.34893,-124.90834,1,0
133132,48.38759,-125.31018,1,0
133133,48.38881,-125.24353,1,0
133134,48.38999,-125.17688,1,0
133135,48.39115,-125.11023,1,0
133136,48.39228,-125.04357,1,0
133137,48.39338,-124.97691,1,0
133138,48.39444,-124.91025,1,0
133139,48.39548,-124.84359,1,0
133463,48.43431,-125.24572,1,0
133464,48.4355,-125.17902,1,0
133465,48.43666,-125.11231,1,0
133466,48.43779,-125.0456,1,0
133467,48.43889,-124.97889,1,0
133468,48.43996,-124.91217,1,0
133469,48.44099,-124.84545,1,0
133470,48.442,-124.77873,1,0
133471,48.44298,-124.71201,1,0
133795,48.482170000000004,-125.1144,1,0
133796,48.4833,-125.04763,1,0
133797,48.4844,-124.98086,1,0
133798,48.48547,-124.91409,1,0
133799,48.48651,-124.84732,1,0
133800,48.48752,-124.78054,1,0
133801,48.4885,-124.71377,1,0
